<?xml version="1.0" ?>
<?xml-stylesheet type="text/xsl" href="peopleName.xsl"?>

<p:people xmlns:p="peopleName" xmlns:ham="hamster">
	<p:person>
		<p:first_name>John</p:first_name>
		<p:surname>Smith</p:surname>
		<p:age>29</p:age>
		<p:town>Stirling</p:town>
	</p:person>
	<p:person>
		<p:first_name>Sarah</p:first_name>
		<p:surname>Brown</p:surname>
		<p:age>33</p:age>
		<p:town>Falkirk</p:town>
	</p:person>
	<p:person>
		<p:name>Eric Pickles</p:name>
		<p:date_of_birth>01/02/78</p:date_of_birth>
		<p:passport_number>45687321</p:passport_number>
		<p:shoe_size>10.5</p:shoe_size>
		<ham:hamster>
			<ham:name>Freddie the Hamster</ham:name>
		</ham:hamster>
	</p:person>
	<p:person>
		<p:name>Margot Black</p:name>
		<p:date_of_birth>04/11/89</p:date_of_birth>
		<p:shoe_size>6</p:shoe_size>
	</p:person>
</p:people>